iteration,train_logloss,val_logloss,train_auc,val_auc
1,0.3777419528973416,0.37749051708842885,0.8419906509432915,0.8417983690890931
2,0.3622159079540066,0.36178498005920096,0.8418406380701664,0.8420243903841189
3,0.3510951143988822,0.3505292034985419,0.8426805963216517,0.8416087775533477
4,0.34275583422271877,0.34210252486396314,0.8430598672132359,0.8413352207187049
5,0.33620668756329986,0.3354873204695152,0.8450124437637205,0.8422339723244701
6,0.33112563320521166,0.3303279624359898,0.8458913840347347,0.8430957668797036
7,0.32695503663635533,0.326090887066582,0.8464994909812021,0.84284435161132
8,0.32365377459766637,0.32276342868361596,0.8467059513941644,0.8432644394182855
9,0.32096232266708646,0.3200171497719861,0.8471993011779139,0.8439243327535183
10,0.3187755267388034,0.3177834350917351,0.8492146564363049,0.8443610092365749
11,0.3170498135895954,0.3160416340646957,0.8493458916088391,0.8441881043690999
12,0.31557296228451737,0.3145186851846673,0.8500946326504002,0.8448925001526811
13,0.314451725512165,0.31336604159618425,0.850094460136089,0.844296885020867
14,0.3135077644505321,0.3123996554898261,0.8503537802198227,0.8443597633360077
15,0.31277437976554945,0.31165509330569685,0.8505596022226818,0.8440083867120066
16,0.31218339968077136,0.3110443061513679,0.8507865427631767,0.8433403226955263
17,0.3117754481675817,0.31062205517238944,0.8508706780998986,0.8433334165800229
18,0.3114177053505289,0.3102328007279843,0.8516367670091507,0.8438941138318966
19,0.3112102593921549,0.3100162845376959,0.8522683095426111,0.8443096986649022
20,0.311074092900118,0.3098735270084856,0.8526272933941093,0.8441551043360999
21,0.3109953911883231,0.30976780104180524,0.8526468048698572,0.8441630883655771
22,0.311040849959518,0.3098234626391591,0.8537109884365915,0.8434827239974299
23,0.31108676890553516,0.30985720949396955,0.8540853331338013,0.8429874481910681
24,0.3111443832903171,0.30992175623099594,0.8544617280725206,0.8428228726588455
25,0.3113058431999356,0.3100935634636263,0.8548928164769939,0.8425243511499168
26,0.31146245449303933,0.31026040257662973,0.8551541265829558,0.8425857549160717
27,0.3116332727360536,0.3104095450735559,0.8554771856685441,0.8426870181677873
28,0.3118149223478918,0.3106033567664725,0.8560107696471273,0.8423179236244848
29,0.31201008339043296,0.3107696208278583,0.856177772286808,0.842352225553583
30,0.31225230105531143,0.31101275575610204,0.8565374586251534,0.8425870474795815
31,0.3125103751737434,0.31126130508910843,0.8571892721259381,0.8424321265101808
32,0.31279487377064724,0.3115538956871605,0.8576690796434103,0.8428370721922758
33,0.31307268822318135,0.3118440062444073,0.8583425208669282,0.8428105583082959
34,0.3132697346416506,0.3120502586778713,0.8585519318103707,0.8426931030155012
35,0.3135573066878064,0.31234416803874593,0.8590555233723143,0.8427318752544997
36,0.3137764690683074,0.3125530927050082,0.8593256621392431,0.8429200762345559
37,0.3140705826463658,0.31284180671921646,0.8596565754478195,0.8428946775949039
38,0.314313578687393,0.3130896299782036,0.8599715285038165,0.842583832402837
39,0.314553142385504,0.3133485529515969,0.8604090200823322,0.8423004763502501
40,0.3148088371427059,0.31361770012663565,0.860717566106824,0.8422081443857462
41,0.3150309969457262,0.31384042852850347,0.8609655701089571,0.8424355562364613
42,0.3153058469805933,0.31414106232448924,0.8613229987600126,0.842123119838052
